자치구명,위반장소,위반일시
강남구, 도곡중학교금연거리,2022
강남구, 도곡중학교금연거리,2022
강남구, 도곡중학교금연거리,2022
강남구, 건물,2022
강남구, 건물,2022
강남구, 지하철역출입구,2022
강남구, 건물,2022
강남구, 청사,2022
강남구, 도곡중학교금연거리,2022
강남구, 도곡중학교금연거리,2022
강남구, 도곡중학교금연거리,2022
강남구, 도곡중학교금연거리,2022
강남구, 강남대로,2022
강남구, 도곡중학교금연거리,2022
강남구, PC방,2022
강남구, PC방,2022
강남구, 덕명빌딩 건물,2022
강남구, 도곡동 금연거리,2022
강남구, PC방,2022
강남구, 휴게음식점,2022
강남구, 휴게음식점,2022
강남구, 어나더 휴게음식점 ,2022
강남구, 건물,2022
강남구, 건물,2022
강남구, 건물,2022
강남구, 건물,2022
강남구, 건물,2022
강남구, 교육기관,2022
강남구, 건물,2022
강남구, 건물,2022
강남구, 건물,2022
강남구, 도곡중학교금연거리,2022
강남구, 도곡중학교금연거리,2022
강남구, PC방,2022
강남구, PC방,2022
강남구, 건물,2022
강남구, 건물,2022
강남구, 건물,2022
강남구, 건물,2022
강남구, 건물,2022
강남구, 건물,2022
강남구, 버스정류장,2022
강남구, 건물,2022
강남구, 건물,2022
강남구, 건물,2022
강남구, 대규모점포,2022
강남구, 도곡중학교금연거리,2022
강남구, 도곡중학교금연거리,2022
강남구, 도곡중학교금연거리,2022
강남구, 지하철역출입구,2022
강남구, 건물,2022
강남구, 지하철역출입구,2022
강남구, 건물,2022
강남구, 건물,2022
강남구, PC방,2022
강남구, PC방,2022
강남구, 휴게음식점,2022
강남구, 교육기관,2022
강남구, 버스정류장,2022
강남구, 건물,2022
강남구, 영동대로,2022
강남구, 건물,2022
강남구, PC방,2022
강남구, PC방,2022
강남구, PC방,2022
강남구, 도곡중학교금연거리,2022
강남구, 도곡중학교금연거리,2022
강남구, 영동대로,2022
강남구, 버스정류장,2022
강남구, 도곡중학교금연거리,2022
강남구, 버스정류장,2022
강남구, 건물,2022
강남구, 건물,2022
강남구, 도곡중학교금연거리,2022
강남구, 영동대로,2022
강남구, 영동대로,2022
강남구, 버스정류장,2022
강남구, 버스정류장,2022
강남구, 수서역 버스정류장,2022
강남구, 도곡중학교금연거리,2022
강남구, 도곡중학교금연거리,2022
강남구, 도곡중학교금연거리,2022
강남구,서울 강남구 수서동   수서역 버스정류장,2022
강남구,서울 강남구 수서동   수서역 버스정류장,2022
강남구, 도곡중학교금연거리,2022
강남구, 영동대로,2022
강남구, 지하철역출입구,2022
강남구, 건물(수서),2022
강남구, 교육기관-로즈데일,2022
강남구, 버스정류장,2022
강남구, 버스정류장,2022
강남구, 건물(삼성동 코엑스1층 화물하치장),2022
강남구, 휴게음식점,2022
강남구, 휴게음식점,2022
강남구, 건물,2022
강남구, 건물,2022
강남구, 교육기관,2022
강남구, 버스정류장,2022
강남구, 교육기관,2022
강남구, 버스정류장,2022
강남구, 버스정류장,2022
강남구, 건물,2022
강남구, 영동대로,2022
강남구, 도곡중학교금연거리,2022
강남구, 도곡중학교금연거리,2022
강남구, 도곡중학교금연거리,2022
강남구, 도곡중학교금연거리,2022
강남구, 건물,2022
강남구, 도곡동금연거리,2022
강남구, 도곡동금연거리,2022
강남구, 버스정류장,2022
강남구, 버스정류장,2022
강남구, 교육기관,2022
강남구, 버스정류장,2022
강남구, 휴게음식점,2022
강남구, PC방,2022
강남구, PC방,2022
강남구, 청사,2022
강남구, 지하철역출입구,2022
강남구, 도곡중학교금연거리,2022
강남구, 도곡중학교금연거리,2022
강남구, 건물,2022
강남구, 버스정류장,2022
강남구, 버스정류장,2022
강남구, 버스정류장,2022
강남구, 버스정류장,2022
강남구, 버스정류장,2022
강남구, 도곡중학교금연거리,2022
강남구, 건물,2022
강남구, 건물,2022
강남구, 건물,2022
강남구, 도곡중학교금연거리,2022
강남구, 건물,2022
강남구, 건물,2022
강남구, 건물,2022
강남구, 도곡중학교금연거리,2022
강남구, 도곡중학교금연거리,2022
강남구, 도곡중학교금연거리,2022
강남구, 도곡중학교금연거리,2022
강남구, 휴게음식점,2022
강남구, 수서동 로즈데일,2022
강남구, 교육기관,2022
강남구, 교육기관,2022
강남구, 청사,2022
강남구, 청사,2022
강남구, 도곡중학교금연거리,2022
강남구, 도곡중학교금연거리,2022
강남구, 건물(수서),2022
강남구, 도곡중학교금연거리,2022
강남구, 도곡중학교금연거리,2022
강남구, 도곡중학교금연거리,2022
강남구, 도곡중학교금연거리,2022
강남구, 도곡중학교금연거리,2022
강남구, 강남대로,2022
강남구, 도곡중학교금연거리,2022
강남구, 강남대로,2022
강남구, 교육기관,2022
강남구, PC방,2022
강남구, 휴게음식점,2022
강남구, 휴게음식점,2022
강남구, PC방,2022
강남구, PC방,2022
강남구, 영동대로,2022
강남구, 도곡중학교금연거리,2022
강남구, 도곡중학교금연거리,2022
강남구, 영동대로,2022
강남구, 영동대로,2022
강남구, 교육기관,2022
강남구, 건물,2022
강남구, 건물,2022
강남구, 건물,2022
강남구, 건물,2022
강남구, 건물,2022
강남구, 건물,2022
강남구, 건물,2022
강남구, 도곡중학교금연거리,2022
강남구, 도곡중학교금연거리(강남세브란스병원),2022
강남구, 도곡중학교금연거리(강남세브란스병원),2022
강남구, 도곡중학교금연거리(강남세브란스병원),2022
강남구, 도곡중학교금연거리,2022
강남구, 도곡중학교금연거리,2022
강남구, 도곡중 금연거리,2022
강남구, 삼성2주민센터청사,2022
강남구, 강남대로(미진프라자),2022
강남구, 강남대로,2022
강남구, 건물(강남역센트럴푸루지오시티),2022
강남구, 건물,2022
강남구, 강남대로,2022
강남구, 강남역 푸르지오시티건물,2022
강남구, 강남역 센트럴푸르지오시티건물,2022
강남구, 강남역 센트럴푸르지오 시티,2022
강남구, PC방,2022
강남구, PC방,2022
강남구, 영동대로,2022
강남구, 건물,2022
강남구, 건물,2022
강남구, 영동대로,2022
강남구, 건물,2022
강남구, 건물,2022
강남구, 버스정류장,2022
강남구, 버스정류장,2022
강남구, 도곡중학교금연거리,2022
강남구, 영동대로,2022
강남구, 건물,2022
강남구, 건물,2022
강남구, 건물,2022
강남구, 역삼까치공원,2022
강남구, 공원,2022
강남구, 건물,2022
강남구, 건물,2022
강남구, 건물,2022
강남구, 건물,2022
강남구, 건물,2022
강남구, 건물,2022
강남구, 건물,2022
강남구, 도곡중학교금연거리,2022
강남구, 도곡중학교금연거리,2022
강남구, 도곡중학교금연거리,2022
강남구, 강남대로,2022
강남구, 강남대로,2022
강남구, 청사,2022
강남구, 도곡중학교금연거리(강남세브란스병원),2022
강남구, 도곡중학교금연거리,2022
강남구, 도곡중학교금연거리,2022
강남구, 휴게음식점,2022
강남구, 휴게음식점,2022
강남구, 건물,2022
강남구, 삼성동 천마빌딩,2022
강남구, 도곡중학교금연거리,2022
강남구, 도곡중학교금연거리,2022
강남구, 영동대로,2022
강남구, 영동대로,2022
강남구, 강남대로(미진프라자),2022
강남구, 도곡중학교금연거리,2022
강남구, 도곡중학교금연거리(강남세브란스병원),2022
강남구, 건물,2022
강남구, 지하철역,2022
강남구, 건물,2022
강남구, 건물,2022
강남구, 건물,2022
강남구, 건물,2022
강남구, 건물,2022
강남구, 건물,2022
강남구, 도곡중학교금연거리,2022
강남구, 도곡중학교금연거리,2022
강남구, 도곡중학교금연거리(강남세브란스),2022
강남구, 건물,2022
강남구, 건물,2022
강남구, 강남대로 미진플라자 부근,2022
강남구, 영동대로,2022
강남구, 도곡동금연거리,2022
강남구, 도곡동금연거리,2022
강남구, 도곡동금연거리,2022
강남구, 강남대로,2022
강남구, 강남대로,2022
강남구, 강남대로,2022
강남구, 영동대로,2022
강남구, 영동대로,2022
강남구, 영동대로,2022
강남구, 영동대로,2022
강남구, 영동대로,2022
강남구, 건물,2022
강남구, 도곡중학교금연거리,2022
강남구, 도곡중학교금연거리,2022
강남구, 영동대로,2022
강남구, 영동대로,2022
강남구, 영동대로,2022
강남구, 건물,2022
강남구, 건물,2022
강남구, 건물,2022
강남구, PC방,2022
강남구, 건물,2022
강남구, 도곡중학교금연거리(강남세브란스병원),2022
강남구, 휴게음식점,2022
강남구, 영동대로,2022
강남구, 영동대로,2022
강남구, 도곡중학교금연거리,2022
강남구, 도곡중학교금연거리,2022
강남구, 도곡중학교금연거리,2022
강남구, 강남대로,2022
강남구, 강남대로,2022
강남구, 강남대로,2022
강남구, 도곡동금연거리,2022
강남구, 건물,2022
강남구, 휴게음식점,2022
강남구, 건물(강남역센트럴푸르지오씨티),2022
강남구, 건물(강남역센트럴푸르지오씨티),2022
강남구, 대치동학원가 아트박스앞,2022
강남구, 강남대로 미진프라자 앞,2022
강남구, 강남대로,2022
강남구, 건물(강남역 센트럴푸르지오시티) ,2022
강남구, 건물(강남역 센트럴푸르지오시티) ,2022
강남구, 건물,2022
강남구, 건물,2022
강남구, 건물,2022
강남구, 지하철역출입구,2022
강남구, 강남대로,2022
강남구, 강남대로(미진프라자),2022
강남구, 도곡중학교금연거리,2022
강남구, 도곡중학교금연거리(강남세브란스병원),2022
강남구, 도곡중학교금연거리,2022
강남구, 영동대로,2022
강남구, 도곡중학교금연거리(강남세브란스병원),2022
강남구, 도곡중학교금연거리,2022
강남구, 도곡중학교금연거리,2022
강남구, 도곡중학교금연거리,2022
강남구, 건물,2022
강남구, 건물,2022
강남구, 건물,2022
강남구, 건물,2022
강남구, 건물,2022
강남구, 건물,2022
강남구, 건물,2022
강남구, 건물,2022
강남구, 영동대로(파르나스호텔 앞),2022
강남구, 영동대로(파르나스 호텔 앞),2022
강남구, 강남대로,2022
강남구, 강남대로,2022
강남구, 강남대로,2022
강남구, 영동대로,2022
강남구, 영동대로,2022
강남구, 지하철역출입구,2022
강남구, 건물,2022
강남구, 건물,2022
강남구, 도곡중학교금연거리,2022
강남구, 도곡중학교금연거리,2022
강남구, 휴게음식점,2022
강남구, 영동대로,2022
강남구, 영동대로,2022
강남구, 영동대로,2022
강남구, 지하철역출입구,2022
강남구, PC방,2022
강남구, 도곡중학교금연거리,2022
강남구, 도곡중학교금연거리,2022
강남구, 도곡중학교금연거리,2022
강남구, 수서건물,2022
강남구, 건물,2022
강남구, 건물,2022
강남구, 건물,2022
강남구, 도곡중학교금연거리,2022
강남구, 휴게음식점,2022
강남구, 도곡중학교금연거리,2022
강남구, 도곡중학교금연거리,2022
강남구, 대치동학원가,2022
강남구, 건물,2022
강남구, 도곡중학교금연거리,2022
강남구, 도곡중학교금연거리,2022
강남구, 도곡중학교금연거리,2022
강남구, 건물,2022
강남구, 강남대로,2022
강남구, 도곡중학교금연거리(강남세브란스 주변),2022
강남구, 도곡중학교금연거리,2022
강남구, 도곡중학교금연거리,2022
강남구, 도곡중학교금연거리,2022
강남구, 도곡중학교금연거리,2022
강남구, 도곡중학교금연거리(강남세브란스 주변),2022
강남구, 도곡중학교금연거리,2022
강남구, 도곡중학교금연거리,2022
강남구, 도곡중학교금연거리(강남세브란스병원),2022
강남구, 도곡중학교금연거리,2022
강남구, 도곡중학교금연거리(강남세브란스병원),2022
강남구, 건물,2022
강남구, 건물,2022
강남구, 건물,2022
강남구, 건물,2022
강남구, 건물,2022
강남구, 도곡중학교금연거리,2022
강남구, 건물,2022
강남구, 도곡중학교금연거리,2022
강남구, 도곡중학교금연거리,2022
강남구, 도곡중학교금연거리(강남세브란스병원),2022
강남구, 영동대로,2022
강남구, 도곡중학교금연거리,2022
강남구, 코엑스 건물,2022
강남구, 영동대로,2022
강남구, 영동대로,2022
강남구, 건물,2022
강남구, 도곡중학교금연거리,2022
강남구, 도곡중학교금연거리,2022
강남구, 도곡중학교금연거리,2022
강남구, 도곡중학교금연거리,2022
강남구, 도곡중학교금연거리,2022
강남구, 영동대로,2022
강남구, 공원,2022
강남구, 공원,2022
강남구, 도곡중학교금연거리,2022
강남구, 영동대로,2022
강남구, 영동대로,2022
강남구, 건물,2022
강남구, 영동대로,2022
강남구, 건물,2022
강남구, 건물,2022
강남구, 영동대로,2022
강남구, 건물,2022
강남구, 도곡중학교금연거리,2022
강남구, 도곡중학교금연거리,2022
강남구, 건물,2022
강남구, 영동대로,2022
강남구, 건물,2022
강남구, 건물,2022
강남구, 건물,2022
강남구, 영동대로,2022
강남구, 영동대로,2022
강남구, 도곡중학교금연거리,2022
강남구, 영동대로,2022
강남구, 건물,2022
강남구, 휴게음식점,2022
강남구, 공원,2022
강남구, 공원,2022
강남구, 공원,2022
강남구, 강남대로,2022
강남구, 건물,2022
강남구, 도곡중학교금연거리,2022
강남구, 도곡중학교금연거리,2022
강남구, 영동대로,2022
강남구, 도곡중학교금연거리,2022
강남구, 도곡중학교금연거리,2022
강남구, 도곡중학교금연거리,2022
강남구, 지하철역출입구,2022
강남구, 건물,2022
강남구, 건물,2022
강남구, 건물,2022
강남구, 건물,2022
강남구, 지하철역출입구,2022
강남구, 도곡중학교금연거리,2022
강남구, 도곡중학교금연거리,2022
강남구, 건물,2022
강남구, 건물,2022
강남구, 도곡중학교금연거리,2022
강남구, 도곡중학교금연거리,2022
강남구, 도곡중학교금연거리,2022
강남구, 도곡중학교금연거리,2022
강남구, 도곡중학교금연거리,2022
강남구, 도곡중학교금연거리,2022
강남구, PC방,2022
강남구, PC방,2022
강남구, PC방,2022
강남구, 도곡중학교금연거리,2022
강남구, 도곡중학교금연거리,2022
강남구, 도곡중학교금연거리,2022
강남구, 건물,2022
강남구, 도곡중학교금연거리,2022
강남구, 도곡중학교금연거리,2022
강남구, 도곡중학교금연거리,2022
강남구, 도곡중학교금연거리,2022
강남구, 도곡중학교금연거리,2022
강남구, 도곡중학교금연거리,2022
강남구, 도곡중학교금연거리,2022
강남구, 도곡중학교금연거리,2022
강남구, 도곡중학교금연거리(강남세브란스병원),2022
강남구, 도곡중학교금연거리,2022
강남구, 병원,2022
강남구, 도곡중학교금연거리,2022
강남구, 도곡중학교금연거리(강남세브란스병원),2022
강남구, 건물,2022
강남구, 건물,2022
강남구, 건물,2022
강남구, 건물(강남역센트럴푸르지오시티),2022
강남구, 건물(강남역센트럴푸르지오시티),2022
강남구, 강남대로(미진프라자 앞),2022
강남구, 강남대로,2022
강남구, 도곡중학교금연거리,2022
강남구, 건물,2022
강남구, 도곡중학교금연거리,2022
강남구, 건물,2022
강남구, 도곡중학교금연거리(강남세브란스병원),2022
강남구, 도곡중학교금연거리,2022
강남구, 도곡중학교금연거리(강남세브란스 옆),2022
강남구, 도곡중학교금연거리,2022
강남구, 도곡중학교금연거리,2022
강남구, 도곡중학교금연거리,2022
강남구, 도곡중학교금연거리,2022
강남구, 건물,2022
강남구, 영동대로,2022
강남구, 영동대로,2022
강남구, 건물,2022
강남구, 병원(강남세브란스병원),2022
강남구, 도곡중학교금연거리,2022
강남구, 도곡중학교금연거리,2022
강남구, 도곡중학교금연거리(강남세브란스병원),2022
강남구, 도곡중학교금연거리,2022
강남구, 도곡중학교금연거리,2022
강남구, 도곡중학교금연거리,2022
강남구, 대규모점포(율현동자동차매매센터),2022
강남구, 대규모점포,2022
강남구, 교육기관,2022
강남구, 도곡중학교금연거리,2022
강남구, 도곡중학교금연거리,2022
강남구, 도곡중학교금연거리,2022
강남구, 도곡중학교금연거리,2022
강남구, 도곡중학교금연거리,2022
강남구, 도곡중학교금연거리,2022
강남구, 건물,2022
강남구, 건물,2022
강남구, PC방,2022
강남구, 휴게음식점,2022
강남구, PC방,2022
강남구, PC방,2022
강남구, 도곡중학교금연거리,2022
강남구, 도곡중학교금연거리,2022
강남구, 도곡중학교금연거리,2022
강남구, 건물,2022
강남구, 건물,2022
강남구, 건물,2022
강남구, 건물,2022
강남구, 도곡중학교금연거리,2022
강남구, 도곡중학교금연거리,2022
강남구, 지하철역출입구,2022
강남구, 지하철역출입구,2022
강남구, 도곡중학교금연거리,2022
강남구, 도곡중학교금연거리,2022
강남구, 도곡중학교금연거리,2022
강남구, 도곡중학교금연거리,2022
강남구, 강남대로,2022
강남구, 건물,2022
강남구, 도곡중학교금연거리,2022
강남구, 도곡중학교금연거리,2022
강남구, 강남대로-미진플라자,2022
강남구, 도곡중학교금연거리,2022
강남구, 도곡중학교금연거리,2022
강남구, 도곡중학교금연거리,2022
강남구, 도곡중학교금연거리,2022
강남구, 강남역푸르지오건물,2022
강남구, 어린이집,2022
강남구, 어린이집,2022
강남구, 어린이집,2022
강남구, 건물,2022
강남구, 도곡중학교금연거리,2022
강남구, 도곡중학교금연거리,2022
강남구, 도곡중학교금연거리,2022
강남구, 도곡중학교금연거리,2022
강남구, 공원,2022
강남구, 도곡중학교금연거리,2022
강남구, 도곡중학교금연거리,2022
강남구, 도곡중학교금연거리,2022
강남구, 도곡중학교금연거리(강남세브란스병원),2022
강남구, 건물,2022
강남구, 코엑스건물,2022
강남구, 건물,2022
강남구, 건물,2022
강남구, 건물,2022
강남구, 건물,2022
강남구, 코엑스건물,2022
강남구, 영동대로,2022
강남구, 코엑스건물,2022
강남구, 강남대로,2022
강남구, 도곡중학교금연거리,2022
강남구, 강남대로,2022
강남구, 도곡중학교금연거리(강남세브란스 옆),2022
강남구, 병원(강남세브란스 병원),2022
강남구, 병원(강남세브란스 병원),2022
강남구, 건물(삼성동 코엑스 옥상),2022
강남구, 건물,2022
강남구, 건물,2022
강남구, 지하철역출입구,2022
강남구, 도곡중학교금연거리,2022
강남구, 도곡중학교금연거리,2022
강남구, 도곡중학교금연거리,2022
강남구, 도곡중학교금연거리,2022
강남구, 지하철역출입구,2022
강남구, 건물,2022
강남구, 강남대로,2022
강남구, 도곡중학교금연거리,2022
강남구, 병원,2022
강남구, 도곡중학교금연거리,2022
강남구, 도곡중학교금연거리(강남세브란스 앞),2022
강남구, 영동대로,2022
강남구, 영동대로,2022
강남구, 영동대로,2022
강남구, 건물,2022
강남구, 도곡중학교금연거리,2022
강남구, 도곡중학교금연거리,2022
강남구, 도곡중학교금연거리,2022
강남구, 버스정류장,2022
강남구, 휴게음식점,2022
강남구, 휴게음식점,2022
강남구, 휴게음식점,2022
강남구, 휴게음식점,2022
강남구, 도곡중학교금연거리,2022
강남구, 도곡중학교금연거리,2022
강남구, 도곡중학교금연거리,2022
강남구, 강남대로,2022
강남구, 강남대로,2022
강남구, 강남대로,2022
강남구, 강남대로,2022
강남구, 강남대로,2022
강남구, 영동대로,2022
강남구, 영동대로,2022
강남구, 강남대로,2022
강남구, 강남대로,2022
강남구, 강남대로,2022
강남구, 도곡동금연거리,2022
강남구, 버스정류장,2022
강남구, 버스정류장,2022
강남구, 도곡중학교금연거리,2022
강남구, 도곡중학교금연거리,2022
강남구, 도곡중학교금연거리,2022
강남구, 도곡중학교금연거리,2022
강남구, 도곡중학교금연거리,2022
강남구, 지하철역출입구,2022
강남구, 지하철역출입구,2022
강남구, 지하철역출입구,2022
강남구, 건물,2022
강남구, 건물,2022
강남구, 도곡중학교금연거리,2022
강남구, 도곡중학교금연거리,2022
강남구, 도곡중학교금연거리,2022
강남구, 영동대로,2022
강남구, 지하철역출입구,2022
강남구, 지하철역출입구,2022
강남구, 도곡중학교금연거리,2022
강남구, PC방,2022
강남구, 지하철역출입구,2022
강남구, 지하철역출입구,2022
강남구, 도곡중학교금연거리,2022
강남구, 도곡중학교금연거리,2022
강남구, 건물,2022
강남구, 건물,2022
강남구, 건물,2022
강남구, 도곡동금연거리,2022
강남구, 지하철역출입구,2022
강남구, 도곡동금연거리(강남세브란스병원),2022
강남구, 도곡동금연거리,2022
강남구, 도곡동금연거리,2022
강남구, 영동대로,2022
강남구, 영동대로,2022
강남구, 병원(강남세브란스 병원),2022
강남구, 병원(강남세브란스 병원),2022
강남구, 건물,2022
강남구, 건물,2022
강남구, 영동대로,2022
강남구, 도곡중학교금연거리,2022
강남구, 도곡중학교금연거리,2022
강남구, 영동대로,2022
강남구, 건물,2022
강남구, 건물,2022
강남구, 건물,2022
강남구, 건물(삼성동 코엑스 옥상),2022
강남구, 건물(삼성동 코엑스 옥상),2022
강남구, 건물,2022
강남구, 건물,2022
강남구, 건물,2022
강남구, 건물(삼성동 코엑스 옥상),2022
강남구, 영동대로,2022
강남구, 영동대로,2022
강남구, 도곡중학교금연거리,2022
강남구, 도곡중학교금연거리(강남세브란스 옆),2022
강남구, 영동대로,2022
강남구, 건물,2022
강남구, 코엑스 옥상,2022
강남구, 건물-코엑스옥상,2022
강남구, 영동대로,2022
강남구, 건물,2022
강남구, 건물,2022
강남구, 강남대로,2022
강남구, 도곡중학교금연거리,2022
강남구, 병원,2022
강남구, 도곡중학교금연거리,2022
강남구, 건물,2022
강남구, 건물,2022
강남구, 도곡중학교금연거리,2022
강남구, 도곡중학교금연거리(강남세브란스 옆),2022
강남구, 건물,2022
강남구, 강남대로(강남역1번출구),2022
강남구, 건물,2022
강남구, 건물,2022
강남구, 건물,2022
강남구, 건물,2022
강남구, 어린이집,2022
강남구, 건물,2022
강남구, 도곡중학교금연거리,2022
강남구, 도곡동금연거리,2022
강남구, 도곡중학교금연거리,2022
강남구, 병원,2022
강남구, 도곡중학교금연거리,2022
강남구, 교육기관,2022
강남구, 병원,2022
강남구, 도곡중학교금연거리,2022
강남구, 도곡중학교금연거리,2022
강남구, 건물(삼성동 코엑스 옥상),2022
강남구, 건물,2022
강남구, 영동대로,2022
강남구, 영동대로,2022
강남구, 청사,2022
강남구, 도곡중학교금연거리,2022
강남구, 지하철역출입구,2022
강남구, 지하철역출입구,2022
강남구, 지하철역출입구,2022
강남구, 건물,2022
강남구, 건물,2022
강남구, 건물,2022
강남구, 도곡중학교금연거리,2022
강남구, 도곡중학교금연거리,2022
강남구, 도곡중학교금연거리,2022
강남구, 도곡중학교금연거리,2022
강남구, PC방,2022
강남구, 도곡중학교금연거리(강남세브란스병원),2022
강남구, 휴게음식점,2022
강남구, 지하철역출입구,2022
강남구, PC방,2022
강남구, 지하철역출입구,2022
강남구, 도곡중학교금연거리(강남세브란스 옆),2022
강남구, 도곡중학교금연거리(강남세브란스 옆),2022
강남구, 도곡중학교금연거리,2022
강남구, 도곡중학교금연거리(강남세브란스 옆),2022
강남구, 건물,2022
강남구, 건물,2022
강남구, 건물,2022
강남구, 건물,2022
강남구, 도곡중학교금연거리,2022
강남구, 도곡중학교금연거리(강남세브란스병원),2022
강남구, 도곡중학교금연거리,2022
강남구, 도곡중학교금연거리,2022
강남구, 강남대로,2022
강남구, 강남대로,2022
강남구, 강남대로,2022
강남구, 강남대로,2022
강남구, 어린이집,2022
강남구, 건물,2022
강남구, 건물,2022
강남구, 도곡중학교금연거리,2022
강남구, 도곡중학교금연거리,2022
강남구, 병원,2022
강남구, 도곡중학교금연거리,2022
강남구, 도곡중학교금연거리,2022
강남구, 병원,2022
강남구, 영동대로,2022
강남구, 도곡중학교금연거리,2022
강남구, 버스정류장,2022
강남구, 지하철역출입구,2022
강남구, 도곡중학교금연거리(강남세브란스병원),2022
강남구, 병원,2022
강남구, 병원,2022
강남구, 영동대로,2022
강남구, 도곡동금연거리(강남세브란스병원),2022
강남구, 건물,2022
강남구, 지하철역출입구,2022
강남구, 영동대로,2022
강남구, 도곡중학교금연거리,2022
강남구, 도곡중학교금연거리,2022
강남구, 도곡중학교금연거리,2022
강남구, 지하철역출입구,2022
강남구, 도곡중학교금연거리,2022
강남구, 도곡중학교금연거리(강남세브란스),2022
강남구, 버스정류장,2022
강남구, 지하철역출입구,2022
강남구, 도곡중학교금연거리(강남세브란스),2022
강남구, 도곡중학교금연거리,2022
강남구, 건물,2022
강남구, 지하철역출입구,2022
강남구, 강남대로,2022
강남구, 지하철역출입구,2022
강남구, 도곡중학교금연거리,2022
강남구, 도곡중학교금연거리,2022
강남구, 강남대로,2022
강남구, 강남대로,2022
강남구, 병원,2022
강남구, 도곡중학교금연거리,2022
강남구, 도곡중학교금연거리,2022
강남구, 지하철역출입구,2022
강남구, 지하철역,2022
강남구, 병원(강남세브란스병원),2022
강남구, 건물,2022
강남구, 건물,2022
강남구, 건물,2022
강남구, 강남대로,2022
강남구, 강남대로,2022
강남구, 지하철역출입구,2022
강남구, 지하철역출입구,2022
강남구, 교육기관,2022
강남구, 도곡중학교금연거리,2022
강남구, 도곡중학교금연거리,2022
강남구, 도곡중학교금연거리,2022
강남구, 도곡중학교금연거리,2022
강남구, 도곡중학교금연거리,2022
강남구, 도곡중학교금연거리,2022
강남구, 도곡중학교금연거리,2022
강남구, 도곡중학교금연거리,2022
강남구, 휴게음식점,2022
강남구, 병원,2022
강남구, 도곡중학교금연거리,2022
강남구, 도곡중학교금연거리,2022
강남구, 병원,2022
강남구, 건물,2022
강남구, 건물,2022
강남구, 도곡중학교금연거리(강남세브란스병원),2022
강남구, 건물,2022
강남구, 건물,2022
강남구, 건물,2022
강남구, 건물,2022
강남구, 도곡중학교금연거리(강남세브란스),2022
강남구, 도곡중학교금연거리,2022
강남구, 도곡중학교금연거리,2022
강남구, 도곡중학교금연거리,2022
강남구, 도곡중학교금연거리,2022
강남구, 건물,2022
강남구, 건물,2022
강남구, 도곡중학교금연거리,2022
강남구, 지하철역출입구,2022
강남구, 건물,2022
강남구, 도곡중학교금연거리(강남세브란스병원 옆),2022
강남구, 도곡중학교금연거리,2022
강남구, 도곡중학교금연거리,2022
강남구, 버스정류장(도곡동 강남세브란스병원),2022
강남구, 도곡중학교금연거리(강남세브란스병원),2022
강남구, 도곡중학교금연거리(강남세브란스병원),2022
강남구, 건물,2022
강남구, 건물,2022
강남구, 건물,2022
강남구, 건물,2022
강남구, 건물,2022
강남구, 도곡중학교금연거리,2022
강남구, 도곡중학교금연거리,2022
강남구, 도곡중학교금연거리(강남세브란스병원),2022
강남구, 도곡중학교금연거리,2022
강남구, 강남대로,2022
강남구, 강남대로,2022
강남구, 강남대로,2022
강남구, 강남대로,2022
강남구, 휴게음식점,2022
강남구, 휴게음식점,2022
강남구, 도곡중학교금연거리(강남세브란스병원),2022
강남구, 도곡중학교금연거리,2022
강남구, 도곡중학교금연거리,2022
강남구, 도곡중학교금연거리,2022
강남구, 지하철역출입구,2022
강남구, 영동대로,2022
강남구, 영동대로,2022
강남구, 영동대로,2022
강남구, 영동대로,2022
강남구, 영동대로,2022
강남구, 강남대로(미진프라자),2022
강남구, 강남대로(미진프라자),2022
강남구, 강남대로(미진프라자),2022
강남구, 강남대로(미진프라자),2022
강남구, 영동대로,2022
강남구, 영동대로,2022
강남구, 영동대로,2022
강남구, 도곡중학교금연거리,2022
강남구, 강남대로,2022
강남구, 강남대로-미진플라자앞,2022
강남구, 강남대로,2022
강남구, 강남대로,2022
강남구, 강남대로,2022
강남구, 강남대로,2022
강남구, 강남대로,2022
강남구, 지하철역출입구,2022
강남구, 건물,2022
강남구, 지하철역출입구,2022
강남구, 건물,2022
강남구, 강남대로,2022
강남구, 도곡중학교금연거리,2022
강남구, 도곡중학교금연거리,2022
강남구, 도곡중학교금연거리,2022
강남구, 도곡중학교금연거리,2022
강남구, 도곡중학교금연거리,2022
강남구, 도곡중학교금연거리,2022
강남구, 지하철역출입구,2022
강남구, 강남대로,2022
강남구, PC방,2022
강남구, PC방,2022
강남구, PC방,2022
강남구, PC방,2022
강남구, 수서동 로즈데일 어린이집후문출구,2022
강남구, 영동대로,2022
강남구, 지하철역출입구,2022
강남구, 버스정류장(수서역4번출구),2022
강남구, 지하철역출입구,2022
강남구, 영동대로,2022
강남구, 영동대로,2022
강남구, 수서역 광장,2022
강남구, 영동대로,2022
강남구, 지하철역출입구,2022
강남구, 지하철역출입구,2022
강남구, 지하철역출입구,2022
강남구, 지하철역출입구,2022
강남구, 도곡중학교금연거리,2022
강남구, 도곡중학교금연거리,2022
강남구, 강남대로(미진프라자 앞),2022
강남구, 건물,2022
강남구, 지하철역출입구,2022
강남구, 건물,2022
강남구, 건물,2022
강남구, 도곡중학교금연거리,2022
강남구, 도곡동 도곡단비 소공원,2022
강남구, 도곡중학교금연거리,2022
강남구, 도곡중학교금연거리,2022
강남구, 도곡중학교금연거리,2022
강남구, 건물,2022
강남구, 강남대로,2022
강남구, 건물,2022
강남구, 강남대로,2022
강남구, 강남대로,2022
강남구, 강남역1번지하철역출입구인근,2022
강남구, 강남대로 미진플라자 앞,2022
강남구, 강남대로 미진플라자앞,2022
강남구, 수서동 로즈데일빌딩 2층 화장실,2022
강남구, 도곡중학교금연거리,2022
강남구, 도곡중학교금연거리,2022
강남구, 강남세브란스병원,2022
강남구, 도곡중학교금연거리,2022
강남구, 휴게음식점(논현동CU편의점),2022
강남구, PC방,2022
강남구, PC방,2022
강남구, 영동대로,2022
강남구, 강남대로,2022
강남구, 건물,2022
강남구, 건물,2022
강남구, 건물,2022
강남구, 도곡중학교금연거리,2022
강남구, 도곡중학교금연거리,2022
강남구, 도곡중학교금연거리,2022
강남구, 도곡중학교금연거리(강남세브란스 옆),2022
강남구, 건물,2022
강남구, 강남대로,2022
강남구, 강남대로,2022
강남구, 건물,2022
강남구, 건물,2022
강남구, 건물,2022
강남구, 강남대로(미진프라자 앞),2022
강남구, 건물,2022
강남구, 건물,2022
강남구, 건물,2022
강남구, 도곡중학교금연거리,2022
강남구, 도곡중학교금연거리,2022
강남구, 도곡중학교금연거리,2022
강남구, 도곡중학교금연거리,2022
강남구, 도곡중학교금연거리,2022
강남구, 도곡중학교금연거리,2022
강남구, 도곡중학교금연거리,2022
강남구, 휴게음식점,2022
강남구, 지하철역출입구,2022
강남구, 지하철역출입구,2022
강남구, 지하철역출입구,2022
강남구, 지하철역출입구,2022
강남구, 지하철역출입구,2022
강남구, PC방,2022
강남구, 어린이집,2022
강남구, 휴게음식점,2022
강남구, 휴게음식점,2022
강남구, 휴게음식점,2022
강남구, 공원,2022
강남구, 영동대로,2022
강남구, 영동대로,2022
강남구, 영동대로,2022
강남구, 영동대로,2022
강남구, 강남대로,2022
강남구, 강남대로강남역1번출구 소공원앞,2022
강남구, 공원,2022
강남구, 병원(도곡동 강남세브란스병원),2022
강남구, 병원,2022
강남구, 도곡중학교금연거리,2022
강남구, 도곡중학교금연거리,2022
강남구, 강남세브란스병원,2022
강남구, 강남세브란스병원,2022
강남구, 병원,2022
강남구, 도곡중학교금연거리,2022
강남구, 도곡중학교금연거리(강남세브란스병원),2022
강남구, 도곡중학교금연거리(강남세브란스병원),2022
강남구, 도곡중학교금연거리,2022
강남구, 도곡중학교금연거리,2022
강남구, 강남대로,2022
강남구, 강남대로 미진플라자 앞,2022
강남구, 건물,2022
강남구, 건물,2022
강남구, 영동대로,2022
강남구, 강남대로,2022
강남구, 강남역1번지하철역 출입구부근,2022
강남구, 강남대로,2022
강남구, 건물,2022
강남구, 자동차매매센터,2022
강남구, 자동차매매센터,2022
강남구, 건물,2022
강남구, 강남대로,2022
강남구, 강남대로,2022
강남구, 휴게음식점,2022
강남구, 휴게음식점,2022
강남구, 강남대로,2022
강남구, 휴게음식점,2022
강남구, 휴게음식점,2022
강남구, 도곡중학교금연거리,2022
강남구, 도곡중학교금연거리,2022
강남구, 영동대로,2022
강남구, 영동대로,2022
강남구, 영동대로,2022
강남구, 영동대로,2022
강남구, PC방,2022
강남구, 교육기관,2022
강남구, PC방,2022
강남구, 휴게음식점,2022
강남구, 영동대로,2022
강남구, 영동대로,2022
강남구, 영동대로,2022
강남구, 휴게음식점,2022
강남구, 강남대로,2022
강남구, 강남대로,2022
강남구, 강남대로,2022
강남구, 건물(강남역센트럴푸르지오시티),2022
강남구, 강남대로(미진프라자 앞),2022
강남구, 건물(강남역？트럴푸르지오시티),2022
강남구, 병원,2022
강남구, 도곡중학교금연거리,2022
강남구, 교육기관,2022
강남구, 영동대로,2022
강남구, 영동대로,2022
강남구, 영동대로,2022
강남구, 건물,2022
강남구, 도곡중학교금연거리-,2022
강남구, 세브란스병원,2022
강남구, 강남세브란스병원,2022
강남구, 세브란스병원,2022
강남구, 도곡중학교금연거리,2022
강남구, 도곡중학교금연거리,2022
강남구, 도곡중학교금연거리(강남세브란스병원),2022
강남구, 도곡중학교금연거리(강남세브란스병원),2022
강남구, 도곡중학교금연거리(강남세브란스병원),2022
강남구, 도곡중학교금연거리(강남세브란스병원),2022
강남구, 교육기관,2022
강남구, 도곡중학교금연거리,2022
강남구, 세브란스병원,2022
강남구, 도곡중학교금연거리,2022
강남구, 도곡중학교금연거리,2022
강남구, 도곡중학교금연거리,2022
강남구, 도곡중학교금연거리,2022
강남구, 영동대로,2022
강남구, 휴게음식점,2022
강남구, 휴게음식점,2022
강남구, 교육기관,2022
강남구, 강남대로(미진프라자),2022
강남구, 지하철역출입구(강남역1번출구),2022
강남구, 건물(역삼동 강남역센트럴푸루지오시티),2022
강남구, 강남대로(미진프라자),2022
강남구, 도곡중학교금연거리(강남세브란스 옆),2022
강남구, 도곡중학교금연거리(강남세브란스 옆),2022
강남구, 도곡중학교금연거리(강남세브란스 옆),2022
강남구, 강남대로,2022
강남구, 강남대로,2022
강남구, 강남대로,2022
강남구, 강남대로,2022
강남구, 도곡중학교금연거리,2022
강남구, 강남대로(미진프라자 앞),2022
강남구, 건물(강남역센트럴푸르지오시티),2022
강남구, 강남대로(미진프라자),2022
강남구, 강남대로(미진프라자 앞),2022
강남구, 강남대로(미진프라자 앞),2022
강남구, 영동대로,2022
강남구, 휴게음식점(논현동 1998카페),2022
강남구, 휴게음식점(논현동 1998카페),2022
강남구, 도곡중학교금연거리,2022
강남구, 도곡중학교금연거리,2022
강남구, 도곡중학교금연거리,2022
강남구, 도곡중학교금연거리,2022
강남구, 도곡중학교금연거리,2022
강남구, 영동대로,2022
강남구, 영동대로,2022
강남구, 영동대로,2022
강남구, 건물-코엑스옥상,2022
강남구, 건물-코엑스옥상,2022
강남구, 강남대로,2022
강남구, 강남대로,2022
강남구, 건물,2022
강남구, 강남대로,2022
강남구, 건물,2022
강남구, 영동대로,2022
강남구, 영동대로 sm타워앞,2022
강남구, 휴게음식점(논현동CU편의점),2022
강남구, 도곡중학교금연거리,2022
강남구, 도곡중학교금연거리,2022
강남구, 도곡중학교금연거리,2022
강남구, 도곡중학교금연거리,2022
강남구, 교육기관,2022
강남구, PC방,2022
강남구, PC방,2022
강남구, 영동대로,2022
강남구, 영동대로,2022
강남구, 영동대로,2022
강남구, 휴게음식점,2022
강남구, 휴게음식점,2022
강남구, 강남대로,2022
강남구, 강남대로,2022
강남구, 강남대로,2022
강남구, 강남대로(미진프라자 앞),2022
강남구, 강남대로(미진프라자 앞),2022
강남구, 강남대로(미진프라자 앞),2022
강남구, 영동대로,2022
강남구, 휴게음식점,2022
강남구, 도곡중학교금연거리,2022
강남구, 강남대로,2022
강남구, 건물,2022
강남구, 건물,2022
강남구, 건물,2022
강남구, 건물,2022
강남구, 버스정류장(ID:23-150),2022
강남구, 영동대로(파르나스호텔 옆),2022
강남구, 지하철역출입구,2022
강남구, 지하철역출입구,2022
강남구, 교육기관(언주초등학교 옆),2022
강남구, 교육기관,2022
강남구, 강남대로,2022
강남구, 지하철역출입구,2022
강남구, 지하철역출입구,2022
강남구, 강남대로,2022
강남구, 코엑스지하주차장,2022
강남구, 도곡중학교금연거리(강남세브란스 옆),2022
강남구, 도곡중학교금연거리(강남세브란스 옆),2022
강남구, 병원(강남세브란스 병원),2022
강남구, 병원(강남세브란스 병원),2022
강남구, 건물,2022
강남구, 건물,2022
강남구, 건물,2022
강남구, 건물,2022
강남구, 영동대로,2022
강남구, 강남대로,2022
강남구, 강남대로,2022
강남구, 강남대로,2022
강남구, 지하철역출입구,2022
강남구, 강남대로,2022
강남구, 강남대로,2022
강남구, 강남대로,2022
강남구, 건물(강남역센트럴푸르지오시티),2022
강남구, 지하철역출입구(강남역 1번출구),2022
강남구, 지하철역출입구(강남역 1번출구),2022
강남구, 강남대로(미진프라자 앞),2022
강남구, 강남대로(미진프라자 앞),2022
강남구, 지하철역출입구,2022
강남구, 영동대로,2022
강남구, 영동대로,2022
강남구, 교육기관,2022
강남구, 교육기관,2022
강남구, 영동대로,2022
강남구, 영동대로,2022
강남구, 영동대로,2022
강남구, 영동대로,2022
강남구, 공원,2022
강남구, 강남대로,2022
강남구, 강남대로,2022
강남구, 강남대로,2022
강남구, 강남대로,2022
강남구, 강남대로,2022
강남구, 강남대로,2022
강남구, 버스정류장,2022
강남구, 버스정류장,2022
강남구, 버스정류장,2022
강남구, 도곡중학교금연거리,2022
강남구, 병원,2022
강남구, 도곡중학교금연거리,2022
강남구, 도곡중학교금연거리,2022
강남구, 강남대로(미진프라자 앞),2022
강남구, 지하철역출입구,2022
강남구, 지하철역출입구,2022
강남구, 도곡중학교금연거리(강남세브란스 앞),2022
강남구, 병원(강남세브란스병원),2022
강남구, 도곡중학교금연거리(삼호아파트 옆),2022
강남구, 병원(강남세브란스병원),2022
강남구, 도곡중학교금연거리(강남세브란스병원),2022
강남구, 도곡중학교금연거리,2022
강남구, 도곡중학교금연거리,2022
강남구, PC방,2022
강남구, PC방,2022
강남구, PC방,2022
강남구, PC방,2022
강남구, PC방,2022
강남구, PC방,2022
강남구, 도곡중학교금연거리,2022
강남구, 도곡중학교금연거리,2022
강남구, 도곡중학교금연거리(강남세브란스병원),2022
강남구, 도곡중학교금연거리(강남세브란스병원),2022
강남구, 도곡중학교금연거리(강남세브란스병원),2022
강남구, 휴게음식점,2022
강남구, 영동대로,2022
강남구, 건물,2022
강남구, 건물,2022
강남구, 건물,2022
강남구, 건물,2022
강남구, 도곡중학교금연거리(강남세블란스 옆),2022
강남구, 도곡중학교금연거리(강남세브란스 옆),2022
강남구, 도곡중학교금연거리(강남세브란스 옆),2022
강남구, 도곡중학교금연거리,2022
강남구, 휴게음식점,2022
강남구, 건물,2022
강남구, 건물,2022
강남구, 강남대로,2022
강남구, 휴게음식점,2022
강남구, 휴게음식점,2022
강남구, 휴게음식점,2022
강남구, 지하철역출입구,2022
강남구, 교육기관,2022
강남구, 교육기관,2022
강남구, 영동대로,2022
강남구, 도곡중학교금연거리(강남세브란스 옆),2022
강남구, 도곡중학교금연거리,2022
강남구, 도곡중학교금연거리,2022
강남구, 도곡중학교금연거리,2022
강남구, 도곡중학교금연거리,2022
강남구, 건물,2022
강남구, 건물,2022
강남구, 건물,2022
강남구, 세브란스병원,2022
강남구, 도곡중학교금연거리,2022
강남구, 도곡중학교금연거리,2022
강남구, 도곡중학교금연거리,2022
강남구, 도곡중학교금연거리(강남세브란스병원),2022
강남구, 도곡중학교금연거리(강남세브란스병원),2022
강남구, 도곡중학교금연거리(강남세브란스병원),2022
강남구, 도곡중학교금연거리(강남세브란스병원),2022
강남구, 도곡중학교금연거리(강남세브란스병원),2022
강남구, 휴게음식점,2022
강남구, 교육기관,2022
강남구, 휴게음식점,2022
강남구, 건물,2022
강남구, 영동대로,2022
강남구, 영동대로,2022
강남구, 건물,2022
강남구, 건물,2022
강남구, 코엑스옥상,2022
강남구, 휴게음식점,2022
강남구, 건물-코엑스옥상,2022
강남구, 도곡중학교금연거리,2022
강남구, 도곡중학교금연거리,2022
강남구, 도곡중학교금연거리,2022
강남구, 도곡중학교금연거리,2022
강남구, 영동대로,2022
강남구, 건물,2022
강남구, 영동대로,2022
강남구, 건물(삼성동 천마빌딩),2022
강남구, 강남대로(미진프라자 앞),2022
강남구, 강남대로(미진프라자 앞),2022
강남구, 강남대로(미진프라자 앞),2022
강남구, 건물(강남역센트럴푸르지오시티),2022
강남구, 강남대로(미진프라자 앞),2022
강남구, 삼성역 5번출구,2022
강남구, 강남대로(미진프라자 앞),2022
강남구, 건물(강남역센트럴푸르지오시티),2022
강남구, 건물(강남역센트럴푸르지오시티),2022
강남구, 휴게음식점,2022
강남구, 휴게음식점,2022
강남구, 휴게음식점,2022
강남구, 휴게음식점,2022
강남구, 강남대로(미진프라자 앞),2022
강남구, 강남대로(미진프라자 앞),2022
강남구, 강남대로(미진프라자 앞),2022
강남구, 도곡중학교금연거리(강남세브란스병원),2022
강남구, 강남대로(미진프라자),2022
강남구, 교육기관,2022
강남구, 교육기관,2022
강남구, 도곡중학교금연거리,2022
강남구, 도곡중학교금연거리,2022
강남구, 병원,2022
강남구, 도곡중학교금연거리,2022
강남구, 도곡중학교금연거리,2022
강남구, 영동대로,2022
강남구, 코엑스옥상 건물,2022
강남구, 건물,2022
강남구, 코엑스 옥상건물,2022
강남구, 건물,2022
강남구, 도곡중학교금연거리,2022
강남구, 도곡중학교금연거리(강남세브란스 옆),2022
강남구, 도곡중학교금연거리(강남세브란스 옆),2022
강남구, 청사,2022
강남구, 도곡중학교금연거리(강남세브란스 맞은편),2022
강남구, 도곡중학교금연거리(강남세브란스 옆),2022
강남구, 대규모점포,2022
강남구, 청사,2022
강남구, 강남대로(미진프라자 앞),2022
강남구, 지하철역출입구,2022
강남구, 영동대로,2022
강남구, 강남대로(미진프라자 앞),2022
강남구, 강남대로(미진프라자 앞),2022
강남구, 도곡중학교금연거리,2022
강남구, 도곡중학교금연거리,2022
강남구, 도곡중학교금연거리,2022
강남구, 코엑스 옥상 건물,2022
강남구, 코엑스 옥상 건물,2022
강남구, 도곡중학교금연거리,2022
강남구, 도곡중학교금연거리,2022
강남구, 영동대로,2022
강남구, 영동대로,2022
강남구, 영동대로,2022
강남구, 강남대로,2022
강남구, 도곡중학교금연거리,2022
강남구, 도곡중학교금연거리,2022
강남구, 도곡중학교금연거리,2022
강남구, 도곡중학교금연거리,2022
강남구, PC방,2022
강남구, PC방,2022
강남구, PC방,2022
강남구, PC방,2022
강남구, PC방,2022
강남구, 도곡중학교금연거리(강남세브란스병원),2022
강남구, 도곡중학교금연거리(강남세브란스병원),2022
강남구, 도곡중학교금연거리(강남세브란스병원),2022
강남구, 영동대로,2022
강남구, 도곡중학교금연거리(강남세브란스 옆),2022
강남구, 강남대로(미진프라자 앞),2022
강남구, 건물(강남역푸르지오시티),2022
강남구, 건물(강남역푸르지오시티),2022
강남구, 건물(강남역푸르지오시티),2022
강남구, 강남대로(미진프라자 앞),2022
강남구, 강남대로(미진프라자 앞),2022
강남구, 도곡중학교금연거리,2022
강남구, 도곡중학교금연거리,2022
강남구, 도곡중학교금연거리,2022
강남구, 도곡중학교금연거리,2022
강남구, 도곡중학교금연거리,2022
강남구, 강남대로,2022
강남구, 도곡중학교금연거리,2022
강남구, 건물,2022
강남구, 건물,2022
강남구, 도곡중학교금연거리,2022
강남구, 강남대로,2022
강남구, 도곡중학교금연거리,2022
강남구, 강남대로,2022
강남구, 지하철역출입구,2022
강남구, 강남대로,2022
강남구, 지하철역출입구,2022
강남구, 영동대로,2022
강남구, 지하철역출입구,2022
강남구, 지하철역출입구,2022
강남구, 병원(강남세브란스병원),2022
강남구, 도곡중학교금연거리(강남세브란스병원),2022
강남구, 도곡중학교금연거리(강남세브란스병원),2022
강남구, 도곡중학교금연거리(강남세브란스병원),2022
강남구, 도곡중학교금연거리,2022
강남구, 세브란스병원,2022
강남구, 세브란스병원,2022
강남구, 도곡중학교금연거리,2022
강남구, 도곡중학교금연거리(강남세브란스병원),2022
강남구, 도곡중학교금연거리(강남세브란스병원),2022
강남구, 도곡중학교금연거리(강남세브란스병원),2022
강남구," 병원(도곡동, 강남세브란스병원)",2022
강남구, 건물,2022
강남구, 청사,2022
강남구, 도곡중학교금연거리,2022
강남구, 도곡중학교금연거리,2022
강남구, 강남세브란스병원,2022
강남구, 도곡중학교금연거리,2022
강남구, 버스정류장,2022
강남구, 도곡중학교금연거리,2022
강남구, 도곡중학교금연거리,2022
강남구, 도곡중학교금연거리,2022
강남구, 교육기관,2022
강남구, 교육기관,2022
강남구, 교육기관,2022
강남구, 교육기관,2022
강남구, 강남대로(미진프라자 앞),2022
강남구, 강남대로(미진프라자 앞),2022
강남구, 강남대로(미진프라자 앞),2022
강남구, 강남대로(미진프라자 앞),2022
강남구, 영동대로,2022
강남구, 도곡중학교금연거리,2022
강남구, 도곡중학교금연거리,2022
강남구, 도곡중학교금연거리,2022
강남구, 병원,2022
강남구, 도곡중학교금연거리,2022
강남구, 강남대로,2022
강남구, 강남대로 강남역1번출구 부근,2022
강남구, 건물,2022
강남구, 도곡중학교금연거리(강남세브란스 옆),2022
강남구, 도곡중학교금연거리(강남세브란스 옆),2022
강남구, 영동대로,2022
강남구, 지하철역,2022
강남구, 지하철역,2022
강남구, 지하철역출입구(강남역1번 출구),2022
강남구, 강남대로(미진프라자 옆),2022
강남구, 강남대로(미진프라자 앞),2022
강남구, 강남대로(미진프라자 앞),2022
강남구, PC방(논현동 친친피씨방),2022
강남구, 교육기관(논현동 논현초교 후문),2022
강남구, 건물,2022
강남구, 도곡중학교금연거리,2022
강남구, 도곡중학교금연거리,2022
강남구, 건물,2022
강남구, 교육기관,2022
강남구, 교육기관,2022
강남구, 교육기관,2022
강남구, 교육기관,2022
강남구, 도곡중학교금연거리,2022
강남구, 교육기관,2022
강남구, 교육기관,2022
강남구, 도곡중학교금연거리,2022
강남구, 도곡중학교금연거리,2022
강남구, 도곡중학교금연거리,2022
강남구, 도곡중학교금연거리,2022
강남구, 도곡중학교금연거리,2022
강남구, 도곡중학교금연거리,2022
강남구, 도곡중학교금연거리(강남세브란스 앞),2022
강남구, 강남대로(미림프라자 앞),2022
강남구, 강남대로(미진프라자 앞),2022
강남구, 지하철역출입구,2022
강남구, 강남대로(미진프라자 앞),2022
강남구, 강남대로(미진프라자 앞),2022
강남구, 건물(강남역센트럴푸르지오시티),2022
강남구, 도곡중학교금연거리,2022
강남구, 도곡중학교금연거리,2022
강남구, 도곡중학교금연거리,2022
강남구, 도곡중학교금연거리,2022
강남구, 도곡중학교금연거리,2022
강남구, 도곡중학교금연거리,2022
강남구, 건물,2022
강남구, 건물,2022
강남구, 건물,2022
강남구, 도곡중학교금연거리,2022
강남구, 버스정류장,2022
강남구, 도곡중학교금연거리,2022
강남구, 도곡중학교금연거리,2022
강남구, 강남대로(미진프라자),2022
강남구, 강남대로(미진프라자),2022
강남구, 지하철역출입구,2022
강남구, 영동대로,2022
강남구, 영동대로,2022
강남구, PC방,2022
강남구, 교육기관,2022
강남구, 강남대로,2022
강남구, 강남대로,2022
강남구, 강남대로,2022
강남구, 강남대로(미진프라자 앞,2022
강남구, 강남대로(미진프라자 앞),2022
강남구, 병원,2022
강남구, 도곡중학교금연거리,2022
강남구, 도곡중학교금연거리,2022
강남구, 도곡중학교금연거리,2022
강남구, 도곡중학교금연거리,2022
강남구, 도곡중학교금연거리(강남세브란스 옆),2022
강남구, 버스정류장,2022
강남구, 버스정류장,2022
강남구, 도곡중학교금연거리(강남세브란스 옆),2022
강남구, 지하철역출입구,2022
강남구, 병원(강남세브란스 병원),2022
강남구, 도곡중학교금연거리(강남세브란스 맞은편),2022
강남구, 도곡중학교금연거리(강남세브란스 옆),2022
강남구, 도곡중학교금연거리(강남세브란스 옆),2022
강남구, 도곡중학교금연거리(강남세브란스 옆),2022
강남구, 도곡중,2023
강남구, 의료기관,2023
강남구, 도곡중(강남세브란스 옆),2023
강남구, 도곡중(강남세브란스 옆),2023
강남구, 건물,2023
강남구, 어린이집,2023
강남구, 도곡중,2023
강남구, 강남대로(미진프라자 앞),2022
강남구, 도곡중,2023
강남구, 도곡중,2023
강남구, 도곡중,2023
강남구, 도곡중,2023
강남구, 도곡중(강남세브란스병원),2023
강남구, 도곡중(강남세브란스병원),2023
강남구, 도곡중(강남세브란스병원),2023
강남구, 도곡중(강남세브란스병원),2023
강남구, 건물(코엑스 빌딩),2023
강남구, 의료기관(강남세브란스병원),2023
강남구, 도곡중(강남세브란스 옆),2023
강남구, 도곡중(강남세브란스 옆),2023
강남구, 도곡중(강남세브란스 옆),2023
강남구, 지하철역,2023
강남구, 어린이집,2023
강남구, 어린이집,2023
강남구, 지하철역,2023
강남구, 지하철역,2023
강남구, 지하철역,2023
강남구, 도곡중,2023
강남구, 도곡중,2023
강남구, 강남대로,2023
강남구, 도곡중,2023
강남구, 도곡중,2023
강남구, 도곡중,2023
강남구, 도곡중,2023
강남구, 도곡중,2023
강남구, PC방,2023
강남구, PC방,2023
강남구, PC방,2023
강남구, PC방,2023
강남구, PC방,2023
강남구, 지하철역,2023
강남구, 영동대로,2023
강남구, 영동대로,2023
강남구, 도곡중 금연거리(강남세브란스병원),2023
강남구, 도곡중 금연거리(강남세브란스병원),2023
강남구, 도곡중 금연거리(강남세브란스병원),2023
강남구, 의료기관(도곡동 강남세브란스병원),2023
강남구, 지하철역(강남역1번출구),2023
강남구, 강남대로 금연거리(미진프라자),2023
강남구, 강남대로 금연거리(미진프라자),2023
강남구, 강남대로 금연거리(미진프라자),2023
강남구, 도곡중 금연거리(강남세브란스병원),2023
강남구, 도곡중 금연거리(강남세브란스),2023
강남구, 버스정류장(ID: 23-472),2023
강남구, 어린이집,2023
강남구, 어린이집,2023
강남구, 어린이집,2023
강남구, 어린이집,2023
강남구, 지하철역,2023
강남구, 도곡중 금연거리,2023
강남구, 도곡중 금연거리,2023
강남구, 도곡중 금연거리,2023
강남구, 도곡중 금연거리,2023
강남구, 도곡중 금연거리,2023
강남구, 영동대로 금연거리,2023
강남구, 도곡중 금연거리,2023
강남구, 강남대로 금연거리,2023
강남구, 강남대로 금연거리,2023
강남구, 강남대로 금연거리,2023
강남구, 강남대로 금연거리,2023
강남구, 어린이집,2023
강남구, 어린이집,2023
강남구, 도곡중 금연거리(강남세브란스),2023
강남구, 강남대로 금연거리,2023
강남구, 강남대로 금연거리,2023
강남구, 도곡중 금연거리(강남세브란스),2023
강남구, 도곡중 금연거리(명인만두 옆),2023
강남구, 도곡중 금연거리(강남세브란스),2023
강남구, 도곡중 금연거리(강남세브란스),2023
강남구, 영동대로 금연거리,2023
강남구, 영동대로 금연거리,2023
강남구, 영동대로 금연거리,2023
강남구, 영동대로 금연거리,2023
강남구, 영동대로 금연거리,2023
강남구, 강남대로 금연거리(미진프라자),2023
강남구, 강남대로 금연거리(미진프라자),2023
강남구, 강남대로 금연거리(미진프라자),2023
강남구, 강남대로 금연거리(미진프라자),2023
강남구, 강남대로 금연거리(미진프라자),2023
강남구, 도곡중 금연거리,2023
강남구, 건물,2023
강남구, 도곡중 금연거리,2023
강남구, 지하철역,2023
강남구, 도곡중 금연거리,2023
강남구, 도곡중 금연거리,2023
강남구, 도곡중 금연거리,2023
강남구, 건물(코엑스),2023
강남구, 건물(코엑스),2023
강남구, 건물(코엑스 별관),2023
강남구, 영동대로 금연거리,2023
강남구, 영동대로 금연거리,2023
강남구, 강남대로 금연거리(미진프라자),2023
강남구, 강남대로 금연거리(미진프라자),2023
강남구, 건물(강남역센트럴푸르지오시티),2023
강남구, 강남대로 금연거리(미진프라자),2023
강남구, 강남대로 금연거리(미진프라자),2023
강남구, 강남대로 금연거리(미진프라자),2023
강남구, 강남대로 금연거리(미진프라자),2023
강남구, 강남대로 금연거리(미진프라자),2023
강남구, 도곡중 금연거리,2023
강남구, 도곡중 금연거리,2023
강남구, 강남대로 금연거리,2023
강남구, 강남대로 금연거리,2023
강남구, 강남대로 금연거리,2023
강남구, 강남대로 금연거리,2023
강남구, 강남대로 금연거리,2023
강남구, 건물,2023
강남구, 건물,2023
강남구, 건물,2023
강남구, 도곡중 금연거리,2023
강남구, 도곡중 금연거리,2023
강남구, 도곡중 금연거리,2023
강남구, 버스정류장,2023
강남구, 버스정류장,2023
강남구, 지하철역,2023
강남구, 지하철역,2023
강남구, PC방,2023
강남구, 도곡중 금연거리,2023
강남구, 영동대로 금연거리,2023
강남구, 지하철역,2023
강남구, 도곡중 금연거리,2023
강남구, 도곡중 금연거리,2023
강남구, 강남대로 금연거리-미진플라자앞,2023
강남구, 강남대로 금연거리-미진플라자앞,2023
강남구, 강남대로 금연거리-미진플라자앞,2023
강남구, 강남대로 금연거리-미진플라자앞,2023
강남구, 지하철역,2023
강남구, 지하철역,2023
강남구, 지하철역,2023
강남구, 영동대로 금연거리,2023
강남구, 영동대로 금연거리,2023
강남구, 영동대로 금연거리,2023
강남구, 강남대로 금연거리(미진플라자앞),2023
강남구, 영동대로 금연거리,2023
강남구, 영동대로 금연거리,2023
강남구, 지하철역,2023
강남구, 영동대로 금연거리,2023
강남구, PC방,2023
강남구, PC방,2023
강남구, 도곡중 금연거리,2023
강남구, 친친PC방,2023
강남구, 논현동 친친PC방,2023
강남구, 대치동학원가 금연거리,2023
강남구, 지하철역,2023
강남구, 대림아크로빌 썬큰,2023
강남구, 철도,2023
강남구, 어린이집,2023
강남구, 지하철역,2023
강남구, 지하철역,2023
강남구, 어린이집,2023
강남구, 지하철역,2023
강남구, 건물 영동대로701,2023
강남구, 학교,2023
강남구, 삼성로82길27(대명중학교),2023
강남구, 학교,2023
강남구, 도곡중 금연거리,2023
강남구, 음식점 논현1998카펜실내,2023
강남구, 도곡중 금연거리,2023
강남구, 학교,2023
강남구, 건물 대림아크로,2023
강남구, 학교신구중,2023
강남구, 학교신구중,2023
강남구, 건물 도곡대림아크로,2023
강남구, 학교 역삼초,2023
강남구, 학교 역삼초,2023
강남구, 건물,2023
강남구, 어린이집 기업은행한티역지점,2023
강남구, 영동대로 금연거리(파르나스 옆),2023
강남구, 영동대로 금연거리,2023
강남구, 영동대로 금연거리,2023
강남구, 영동대로 금연거리,2023
강남구, 지하철역 ??역1번,2023
강남구, 영동대로 금연거리,2023
강남구, 도곡중 금연거리,2023
강남구, 건물,2023
강남구, 영동대로 금연거리 파르나스,2023
강남구, 영동대로 금연거리,2023
강남구, 도곡중 금연거리(강남세브란스 옆),2023
강남구, 건물 천마빌딩,2023
강남구, 지하철역,2023
강남구, 건물,2023
강남구, 건물(역삼역7번 아주빌딩),2023
강남구, 강남대로 금연거리(미진프라자),2023
강남구, 강남대로 금연거리(메리츠타워),2023
강남구, 강남대로 금연거리,2023
강남구, 강남대로 금연거리,2023
강남구, 지하철역,2023
강남구, 강남대로 금연거리,2023
강남구, 강남대로 금연거리,2023
강남구, 도곡중 금연거리(강남세브란스),2023
강남구, 지하철역(역삼역7번출구),2023
강남구, 강남대로 금연거리,2023
강남구, 도곡중 금연거리(강남세브란스),2023
강남구, 버스정류장,2023
강남구, 도곡중 금연거리,2023
강남구, 도곡중 금연거리,2023
강남구, 건물,2023
강남구, 건물,2023
강남구, 영동대로 금연거리,2023
강남구, 영동대로 금연거리,2023
강남구, 영동대로 금연거리,2023
강남구, 강남대로 금연거리,2023
강남구, 건물,2023
강남구, 도곡중 금연거리(강남세브란스),2023
강남구, 건물,2023
강남구, 건물,2023
강남구, 건물,2023
강남구, 건물,2023
강남구, 건물,2023
강남구, 어린이집,2023
강남구, 지하철역,2023
강남구, 건물,2023
강남구, 건물,2023
강남구, 건물,2023
강남구, 건물,2023
강남구, 건물,2023
강남구, 건물(대청타워),2023
강남구, 건물,2023
강남구, 건물,2023
강남구, 영동대로 금연거리,2023
강남구, 건물,2023
강남구, 강남대로 금연거리,2023
강남구, 건물,2023
강남구, 건물,2023
강남구, 건물,2023
강남구, 강남대로 금연거리,2023
강남구, 강남대로 금연거리,2023
강남구, 도곡중 금연거리(강남세브란스),2023
강남구, 도곡중 금연거리(강남세브란스),2023
강남구, 강남대로 금연거리,2023
강남구, 도곡중 금연거리(강남세브란스),2023
강남구, 도곡중 금연거리(강남세브란스),2023
강남구, 남부순환로 금연거리,2023
강남구, 음식점,2023
강남구, 건물,2023
강남구, 강남대로 금연거리,2023
강남구, 도곡중 금연거리(강남세브란스),2023
강남구, 도곡중 금연거리(강남세브란스),2023
강남구, 건물,2023
강남구, 건물,2023
강남구, 건물,2023
강남구, 건물(그랑프리엔),2023
강남구, 남부순환로 금연거리(군인공제회관),2023
강남구, 강남대로 금연거리,2023
강남구, 강남대로 금연거리,2023
강남구, 건물,2023
강남구, 강남대로 금연거리,2023
강남구, 건물(강남역센트럴푸르지오),2023
강남구, 건물(강남역센트럴푸르지오),2023
강남구, PC방,2023
강남구, PC방,2023
강남구, PC방,2023
강남구, 도곡중 금연거리(강남세브란스),2023
강남구, 도곡중 금연거리(강남세브란스),2023
강남구, 도곡중 금연거리(강남세브란스),2023
강남구, 강남대로 금연거리,2023
강남구, 병원,2022
강남구, 영동대로 금연거리,2023
강남구, 영동대로 금연거리,2023
강남구, 건물,2023
강남구, 건물,2023
강남구, 건물,2023
강남구, 강남대로 금연거리,2023
강남구, 강남대로 금연거리,2023
강남구, 강남대로 금연거리,2023
강남구, 지하철역,2023
강남구, 영동대로 금연거리,2023
강남구, 남부순환로 금연거리,2023
강남구, 남부순환로 금연거리,2023
강남구, 영동대로 금연거리,2023
강남구, 지하철역,2023
강남구, PC방(친친PC방),2023
강남구, PC방(친친PC방),2023
강남구, PC방(친친PC방),2023
강남구, 도곡중 금연거리,2023
강남구, 어린이집,2023
강남구, 강남대로 금연거리(미진프라자),2023
강남구, 강남대로 금연거리,2023
강남구, 건물,2023
강남구, 건물,2023
강남구, 건물,2023
강남구, 도곡중 금연거리(강남세브란스),2023
강남구, 도곡중 금연거리(강남세브란스),2023
강남구, 강남대로 금연거리,2023
강남구, 강남대로 금연거리,2023
강남구, 강남대로 금연거리,2023
강남구, 도곡중 금연거리(강남세브란스),2023
강남구, 건물,2023
강남구, 건물,2023
강남구, 건물,2023
강남구, 지하철역(강남역1번),2023
강남구, 강남대로 금연거리,2023
강남구, 지하철역(수서역5번),2023
강남구, 도시공원,2023
강남구, 건물(코레이트타워),2023
강남구, 건물,2023
강남구, 건물(코레이트타워),2023
강남구, 건물,2023
강남구, 남부순환로 금연거리,2023
강남구, 지하철역,2023
강남구, 남부순환로 금연거리,2023
강남구, 남부순환로 금연거리,2023
강남구, 도곡중 금연거리(강남세브란스),2023
강남구, 도곡중 금연거리(강남세브란스),2023
강남구, 강남대로 금연거리,2023
강남구, 강남대로 금연거리,2023
강남구, PC방,2023
강남구, PC방,2023
강남구, PC방,2023
강남구, PC방,2023
강남구, PC방,2023
강남구, PC방,2023
강남구, 건물(강남역푸르지오),2023
강남구, 강남대로 금연거리,2023
강남구, 건물,2023
강남구, 건물,2023
강남구, 건물,2023
강남구, 건물,2023
강남구, 건물,2023
강남구, 건물,2023
강남구, 도곡중 금연거리,2023
강남구, 도곡중 금연거리,2023
강남구, 건물,2023
강남구, 건물,2023
강남구, 도곡중 금연거리,2023
강남구, 건물,2023
강남구, 건물,2023
강남구, 건물,2023
강남구, 건물,2023
강남구, 강남대로 금연거리,2023
강남구, 건물,2023
강남구, 영동대로 금연거리,2023
강남구, 영동대로 금연거리,2023
강남구, 강남대로 금연거리,2023
강남구, 강남대로 금연거리,2023
강남구, 도곡중 금연거리,2023
강남구, 도곡중 금연거리,2023
강남구, 지하철역,2023
강남구, 영동대로 금연거리,2023
강남구, 지하철역,2023
강남구, 지하철역,2023
강남구, 건물,2023
강남구, 강남대로 금연거리,2023
강남구, 남부순환로 금연거리(아카데미프라자),2023
강남구, 건물(도곡아크로빌),2023
강남구, 남부순환로 금연거리(아카데미플라자),2023
강남구, 지하철역,2023
강남구, PC방,2023
강남구, PC방,2023
강남구, PC방,2023
강남구, PC방,2023
강남구, 청사,2023
강남구, 건물,2023
강남구, 건물,2023
강남구, 강남대로 금연거리,2023
강남구, 강남대로 금연거리,2023
강남구, 도곡중 금연거리,2023
강남구, 건물,2023
강남구, 버스정류장,2023
강남구, 도곡중 금연거리,2023
강남구, 건물,2023
강남구, 건물,2023
강남구, 건물(코레이트타워),2023
강남구, 지하철역,2023
강남구, 건물(코엑스),2023
강남구, 건물,2023
강남구, 건물,2023
강남구, 건물,2023
강남구, 건물,2023
강남구, 도곡중 금연거리,2023
강남구, 의료기관,2023
강남구, 음식점,2023
강남구, 학교,2023
강남구, PC방,2023
강남구, 어린이집,2023
강남구, 지하철역,2023
강남구, 강남대로 금연거리,2023
강남구, 건물,2023
강남구, 건물,2023
강남구, 건물,2023
강남구, 건물(코엑스옥상),2023
강남구, 영동대로 금연거리(파르나스),2023
강남구, 영동대로 금연거리,2023
강남구, 강남대로 금연거리,2023
강남구, 도곡중 금연거리,2023
강남구, 건물,2023
강남구, 건물,2023
강남구, 의료기관,2023
강남구, 강남대로 금연거리,2023
강남구, 강남대로 금연거리(미진프라자),2023
강남구, 강남대로 금연거리,2023
강남구, 어린이집,2023
강남구, 건물,2023
강남구, 영동대로 금연거리,2023
강남구, 건물,2023
강남구, 건물,2023
강남구, 건물,2023
강남구, 버스정류장,2023
강남구, 도곡중 금연거리,2023
강남구, 도곡중 금연거리,2023
강남구, 영동대로 금연거리,2023
강남구, 도곡중 금연거리,2023
강남구, 강남대로 금연거리,2023
강남구, 건물(코엑스),2023
강남구, 영동대로 금연거리,2023
강남구, 건물,2023
강남구, 건물,2023
강남구, 건물,2023
강남구, 건물,2023
강남구, 건물 역삼역센트럴 ,2023
강남구, 강남대로 금연거리,2023
강남구, 도곡중 금연거리,2023
강남구, 도곡중 금연거리,2023
강남구, 어린이집,2023
강남구, 지하철역,2023
강남구, 건물 민원반복장소,2023
강남구, 영동대로 금연거리,2023
강남구, 영동대로 금연거리,2023
강남구, 영동대로 금연거리,2023
강남구, 건물,2023
강남구, 영동대로 금연거리,2023
강남구, 도곡중 금연거리,2023
강남구, 도곡중 금연거리,2023
강남구, 도곡중 금연거리,2023
강남구, 영동대로 금연거리,2023
강남구, 영동대로 금연거리,2023
강남구, 강남대로 금연거리,2023
강남구, 강남대로 금연거리,2023
강남구, 영동대로 금연거리,2023
강남구, 영동대로 금연거리,2023
강남구, 의료기관(강남세브란스),2023
강남구, 도곡중 금연거리,2023
강남구, 영동대로 금연거리,2023
강남구, 건물,2023
강남구, 건물,2023
강남구, 건물,2023
강남구, 건물,2023
강남구, 건물,2023
강남구, 영동대로 금연거리,2023
강남구, 강남대로 금연거리,2023
강남구, 건물,2023
강남구, 영동대로 금연거리,2023
강남구, 어린이집,2023
강남구, 강남대로 금연거리,2023
강남구, 건물,2023
강남구, 건물,2023
강남구, 남부순환로 금연거리,2023
강남구, 건물,2023
강남구, 남부순환로 금연거리,2023
강남구, 도곡중 금연거리,2023
강남구, 도곡중 금연거리,2023
강남구, 강남대로 금연거리,2023
강남구, 강남대로 금연거리,2023
강남구, 강남대로 금연거리,2023
강남구, 도곡중 금연거리,2023
강남구, 도곡중 금연거리,2023
강남구, 영동대로 금연거리,2023
강남구, 도곡중 금연거리,2023
강남구, PC방,2023
강남구, PC방,2023
강남구, PC방,2023
강남구, PC방,2023
강남구, PC방,2023
강남구, 어린이집,2023
강남구, 어린이집,2023
강남구, 강남대로 금연거리 ,2023
강남구, PC방,2023
강남구, 지하철역(양재역4번),2023
강남구, 건물,2023
강남구, 영동대로 금연거리,2023
강남구, 영동대로 금연거리,2023
강남구, 영동대로 금연거리,2023
강남구, 강남대로 금연거리,2023
강남구, 어린이집,2023
강남구, 도곡중 금연거리,2023
강남구, 의료기관,2023
강남구, 영동대로 금연거리,2023
강남구, 강남대로 금연거리,2023
강남구, 강남대로 금연거리,2023
강남구, 건물,2023
강남구, 코엑스3층 화물주차장,2023
강남구, 영동대로 금연거리,2023
강남구, 영동대로 금연거리,2023
강남구, 건물,2023
강남구, 영동대로 금연거리,2023
강남구, 지하철역,2023
강남구, 버스정류장,2023
강남구, 도곡중 금연거리,2023
강남구, 건물,2023
강남구, 영동대로 금연거리,2023
강남구, 영동대로 금연거리,2023
강남구, 영동대로 금연거리,2023
강남구, 영동대로 금연거리,2023
강남구, 건물,2023
강남구, 강남대로 금연거리,2023
강남구, 영동대로 금연거리,2023
강남구, 의료기관,2023
강남구, 도곡중 금연거리,2023
강남구, 강남대로 금연거리,2023
강남구, 강남대로 금연거리,2023
강남구, PC방,2023
강남구, 영동대로 금연거리,2023
강남구, 영동대로 금연거리,2023
강남구, 영동대로 금연거리,2023
강남구, 강남대로 금연거리,2023
강남구, 음식점,2023
강남구, 음식점,2023
강남구, 도곡중 금연거리,2023
강남구, 도곡중 금연거리,2023
강남구, PC방,2023
강남구, PC방,2023
강남구, 카페,2023
강남구, 건물,2023
강남구, PC방,2023
강남구, PC방,2023
강남구, 친친PC방,2023
강남구, 강남대로 금연거리,2023
강남구, 강남대로 금연거리,2023
강남구, 음식점,2023
강남구, PC방,2023
강남구, PC방,2023
강남구, PC방,2023
강남구, 청담역 14번출구 금연구역,2023
강남구, 영동대로 금연구역(파르나스),2023
강남구, 건물,2023
강남구, 건물,2023
강남구, 건물,2023
강남구, 건물,2023
강남구, 건물,2023
강남구, 영동대로 금연거리,2023
강남구, 건물,2023
강남구, 도곡중 금연거리,2023
강남구, 의료기관,2023
강남구, 도곡중 금연거리,2023
강남구, 도곡중 금연거리,2023
강남구, 건물,2023
강남구, 도곡중 금연거리,2023
강남구, 도곡중 금연거리,2023
강남구, 어린이집,2023
강남구, 건물,2023
강남구, 건물,2023
강남구, 건물,2023
강남구, 건물,2023
강남구, 강남대로 금연거리,2023
강남구, 강남대로 금연거리,2023
강남구, 영동대로 금연거리,2023
강남구, 건물,2023
강남구, 영동대로 금연거리,2023
강남구, 건물,2023
강남구, 영동대로 금연거리,2023
강남구, 영동대로 금연거리,2023
강남구, 영동대로 금연거리,2023
강남구, 건물,2023
강남구, 건물,2023
강남구, 강남대로 금연거리,2023
강남구, 강남대로 금연거리(미진플라자앞),2023
강남구, 건물,2023
강남구, 강남대로 금연거리,2023
강남구, 지하철역,2023
강남구, PC방,2023
강남구, 음식점,2023
강남구, 건물-강남역푸르지오뒷편,2023
강남구, 영동대로 금연거리,2023
강남구, 영동대로 금연거리,2023
강남구, 영동대로 금연거리,2023
강남구, 영동대로 금연거리,2023
강남구, 건물,2023
강남구, PC방,2023
강남구, 강남대로 금연거리,2023
강남구, 버스정류장,2023
강남구, 건물,2023
강남구, 영동대로 금연거리,2023
강남구, 건물,2023
강남구, 건물,2023
강남구, 건물,2023
강남구, 건물,2023
강남구, 영동대로 금연거리,2023
강남구, 영동대로 금연거리,2023
강남구, 건물,2023
강남구, 지하철역,2023
강남구, 어린이집,2023
강남구, 강남대로 금연거리,2023
강남구, 강남대로 금연거리,2023
강남구, 어린이집,2023
강남구, 지하철역,2023
강남구, 강남세브란스,2023
강남구, 도곡중 금연거리,2023
강남구, 강남대로 금연거리,2023
강남구, 강남대로 금연거리,2023
강남구, 강남대로 금연거리,2023
강남구, 강남대로 금연거리,2023
강남구, 도곡중 금연거리,2023
강남구, 도곡중 금연거리,2023
강남구, 도곡중 금연거리,2023
강남구, 도곡중 금연거리,2023
강남구, 건물,2023
강남구, 코액스 3층 수화물주차장,2023
강남구, 강남대로 금연거리,2023
강남구, 어린이집,2023
강남구, 건물,2023
강남구, 건물,2023
강남구, 코엑스3층 수화물주차장,2023
강남구, 코엑스3층 화물주차장,2023
강남구, 강남대로 금연거리,2023
강남구, 강남대로 금연거리,2023
강남구, 강남대로 금연거리,2023
강남구, 강남대로 금연거리,2023
강남구, 건물,2023
강남구, 도곡중 금연거리,2023
강남구, 도곡중 금연거리,2023
강남구, 도곡중 금연거리,2023
강남구, 도곡중 금연거리,2023
강남구, 음식점,2023
강남구, 지하철역,2023
강남구, 도곡중 금연거리,2023
강남구, 논현동 스리팝PC방,2023
강남구, 논현동소나무공원,2023
강남구, 강남대로 금연거리,2023
강남구, 강남대로 금연거리,2023
강남구, 건물,2023
강남구, 강남대로 금연거리,2023
강남구, 강남대로 금연거리,2023
강남구, 음식점,2023
강남구, 건물,2023
강남구, 지하철역,2023
강남구, 지하철역,2023
강남구, 코엑스3층 화물주차장,2023
강남구, 영동대로 금연거리(아셈타워앞),2023
강남구, 어린이집,2023
강남구, 강남대로 금연거리,2023
강남구, 지하철역,2023
강남구, 지하철역,2023
강남구, 건물,2023
강남구, 건물,2023
강남구, 건물,2023
강남구, 건물,2023
강남구, 건물,2023
강남구, 건물,2023
강남구, 건물,2023
강남구, 도곡중 금연거리,2023
강남구, 도곡중 금연거리,2023
강남구, 도곡중 금연거리,2023
강남구, 삼성동 건설빌딩옥외계단,2023
강남구, 강남대로 금연거리,2023
강남구, 강남대로 금연거리,2023
강남구, 강남대로 금연거리,2023
강남구, 건물,2023
강남구, 지하철역,2023
강남구, 강남대로 금연거리,2023
강남구, 건물,2023
강남구, 건물,2023
강남구, 건물,2023
강남구, 영동대로 금연거리,2023
강남구, 영동대로 금연거리,2023
강남구, 코엑스 옥상,2023
강남구, 지하철역,2023
강남구, 지하철역,2023
강남구, 어린이집,2023
강남구, 건물,2023
강남구, 건물,2023
강남구, 지하철역,2023
강남구, 강남대로 금연거리,2023
강남구, 강남대로 금연거리 강남역1번출구 소공원,2023
강남구, 강남대로 금연거리(미진플라자앞),2023
강남구, 건물,2023
강남구, 건물,2023
강남구, 건물,2023
강남구, 건물,2023
강남구, 건물,2023
강남구, 삼성동 건설회관,2023
강남구, 건물,2023
강남구, 코엑스 서측 필로티,2023
강남구, 코엑스서측필로티,2023
강남구, 건물,2023
강남구, 건물,2023
강남구, 건물,2023
강남구, 건물,2023
강남구, 건물,2023
강남구, 건물,2023
강남구, 건물,2023
강남구, 건물,2023
강남구, 영동대로 금연거리,2023
강남구, 논현동쓰리팝PC방,2023
강남구, 논현동쓰리팝PC방,2023
강남구, 논현동친친PC방,2023
강남구, PC방,2023
강남구, 남부순환로 금연거리,2023
강남구, 건물,2023
강남구, 건물,2023
강남구, 건물,2023
강남구, 남부순환로 금연거리,2023
강남구, 코엑스서측필로티,2023
강남구, 도곡중 금연거리,2023
강남구, 도곡중 금연거리,2023
강남구, 도곡중 금연거리,2023
강남구, 지하철역,2023
강남구, 영동대로 금연거리,2023
강남구, 강남대로 금연거리(미진플라자앞),2023
강남구, 건물,2023
강남구, 건물,2023
강남구, 강남대로 금연거리(신분당선출구부근),2023
강남구, 건물,2023
강남구, 영동대로 금연거리,2023
강남구, 영동대로 금연거리,2023
강남구, 영동대로 금연거리,2023
강남구, 영동대로 금연거리,2023
강남구, 건물,2023
강남구, 강남대로 금연거리,2023
강남구, 건물,2023
강남구, 강남대로 금연거리,2023
강남구, 강남대로 금연거리,2023
강남구, 강남대로 금연거리,2023
강남구, 건물,2023
강남구, 강남대로 금연거리,2023
강남구, 강남대로 금연거리,2023
강남구, 건물,2023
강남구, 강남대로 금연거리,2023
강남구, 지하철역,2023
강남구, 영동대로 금연거리,2023
강남구, 삼성역5번출구,2023
강남구, 영동대로 금연거리(남측광장),2023
강남구, 영동대로 금연거리,2023
강남구, 영동대로 금연거리,2023
강남구, 건물,2023
강남구, 영동대로 금연거리,2023
강남구, 영동대로 금연거리,2023
강남구, 영동대로 금연거리,2023
강남구, 영동대로 금연거리,2023
강남구, 지하철역,2023
강남구, 지하철역,2023
강남구, 논현동친친PC방,2023
강남구, PC방,2023
강남구, PC방,2023
강남구, 카페,2023
강남구, PC방,2023
